<?xml version="1.0" encoding="UTF-8"?>

<office:document-content xmlns:office="urn:oasis:names:tc:opendocument:xmlns:office:1.0" xmlns:style="urn:oasis:names:tc:opendocument:xmlns:style:1.0" xmlns:text="urn:oasis:names:tc:opendocument:xmlns:text:1.0" xmlns:table="urn:oasis:names:tc:opendocument:xmlns:table:1.0" xmlns:draw="urn:oasis:names:tc:opendocument:xmlns:drawing:1.0" xmlns:fo="urn:oasis:names:tc:opendocument:xmlns:xsl-fo-compatible:1.0" xmlns:xlink="http://www.w3.org/1999/xlink" xmlns:dc="http://purl.org/dc/elements/1.1/" xmlns:meta="urn:oasis:names:tc:opendocument:xmlns:meta:1.0" xmlns:number="urn:oasis:names:tc:opendocument:xmlns:datastyle:1.0" xmlns:svg="urn:oasis:names:tc:opendocument:xmlns:svg-compatible:1.0" xmlns:chart="urn:oasis:names:tc:opendocument:xmlns:chart:1.0" xmlns:dr3d="urn:oasis:names:tc:opendocument:xmlns:dr3d:1.0" xmlns:math="http://www.w3.org/1998/Math/MathML" xmlns:form="urn:oasis:names:tc:opendocument:xmlns:form:1.0" xmlns:script="urn:oasis:names:tc:opendocument:xmlns:script:1.0" xmlns:ooo="http://openoffice.org/2004/office" xmlns:ooow="http://openoffice.org/2004/writer" xmlns:oooc="http://openoffice.org/2004/calc" xmlns:dom="http://www.w3.org/2001/xml-events" xmlns:xforms="http://www.w3.org/2002/xforms" xmlns:xsd="http://www.w3.org/2001/XMLSchema" xmlns:xsi="http://www.w3.org/2001/XMLSchema-instance" office:version="1.1">
 <office:font-face-decls>
  <style:font-face style:name="Times New Roman" svg:font-family="Times New Roman"/>
 </office:font-face-decls>
 <office:automatic-styles>
  <style:style style:family="text" style:name="T1" style:display-name="T1">
   <style:text-properties style:font-name="Times New Roman" fo:font-size="14pt"/>
  </style:style>
  <style:style style:family="text" style:name="T2" style:display-name="T2">
   <style:text-properties fo:color="#a55858" style:font-name="Times New Roman" fo:font-size="14pt"/>
  </style:style>
  <style:style style:family="text" style:name="T3" style:display-name="T3">
   <style:text-properties style:font-name="Times New Roman" fo:font-size="14pt" fo:font-weight="bold"/>
  </style:style>
  <style:style style:family="text" style:name="T4" style:display-name="T4">
   <style:text-properties style:font-name="Times New Roman" fo:font-size="14pt" fo:font-weight="normal"/>
  </style:style>
  <style:style style:family="paragraph" style:name="P10" style:display-name="P10">
   <style:paragraph-properties fo:break-before="page"/>
  </style:style>
  <style:style style:family="paragraph" style:name="P11" style:display-name="P11" style:parent-style-name="Normal">
   <style:paragraph-properties fo:text-align="justify" fo:text-indent="1.199cm" fo:line-height="150%" fo:margin-left="0.499cm" fo:margin-right="0cm"/>
   <style:text-properties fo:color="#252525" style:font-name="Times New Roman" fo:font-size="14pt" fo:font-style="italic" fo:font-weight="normal" fo:text-transform="none"/>
  </style:style>
  <style:style style:family="paragraph" style:name="P12" style:display-name="P12">
   <style:paragraph-properties fo:text-align="justify" fo:break-before="page"/>
  </style:style>
  <style:style style:family="paragraph" style:name="P1" style:display-name="P1" style:list-style-name="L1">
   <style:paragraph-properties fo:text-align="justify" fo:text-indent="1.961000cm" fo:line-height="150%" fo:margin-left="-0.263000cm" fo:margin-right="0cm" style:writing-mode="lr"/>
   <style:text-properties style:font-name="Liberation Serif" fo:font-size="14pt" fo:language="ru" fo:country="RU" fo:font-weight="bold"/>
  </style:style>
  <style:style style:family="paragraph" style:name="P2" style:display-name="P2" style:parent-style-name="Normal">
   <style:paragraph-properties fo:text-align="justify" fo:text-indent="1.199cm" fo:line-height="150%" fo:margin-left="0.499cm" fo:margin-right="0cm"/>
   <style:text-properties fo:font-size="14pt" fo:font-weight="bold"/>
  </style:style>
  <style:style style:family="paragraph" style:name="P3" style:display-name="P3" style:parent-style-name="Normal">
   <style:paragraph-properties fo:text-align="justify" fo:text-indent="1.199cm" fo:line-height="150%" fo:margin-left="0.499cm" fo:margin-right="0cm"/>
   <style:text-properties fo:font-size="14pt" fo:font-weight="normal"/>
  </style:style>
  <style:style style:family="paragraph" style:name="P4" style:display-name="P4" style:list-style-name="L2">
   <style:paragraph-properties fo:text-align="justify" fo:text-indent="1.961000cm" fo:line-height="150%" fo:margin-left="-0.263000cm" fo:margin-right="0cm" style:writing-mode="lr"/>
   <style:text-properties fo:color="#252525" style:font-name="Times New Roman" fo:font-size="14pt" fo:language="ru" fo:country="RU" fo:font-weight="normal" fo:text-transform="none"/>
  </style:style>
  <style:style style:family="paragraph" style:name="P5" style:display-name="P5" style:parent-style-name="Normal">
   <style:paragraph-properties fo:text-align="justify" fo:text-indent="1.199cm" fo:line-height="150%" fo:margin-left="0.499cm" fo:margin-right="0cm"/>
   <style:text-properties fo:color="#252525" style:font-name="Times New Roman" fo:font-size="14pt" fo:font-weight="normal" fo:text-transform="none"/>
  </style:style>
  <style:style style:family="paragraph" style:name="P6" style:display-name="P6" style:list-style-name="L3">
   <style:paragraph-properties fo:text-align="justify" fo:text-indent="1.961000cm" fo:line-height="150%" fo:margin-left="-0.263000cm" fo:margin-right="0cm" style:writing-mode="lr"/>
   <style:text-properties fo:color="#252525" style:font-name="Times New Roman" fo:font-size="14pt" fo:language="ru" fo:country="RU" fo:font-weight="normal" fo:text-transform="none"/>
  </style:style>
  <style:style style:family="paragraph" style:name="P7" style:display-name="P7" style:list-style-name="L3">
   <style:paragraph-properties fo:text-align="left" fo:text-indent="1.961000cm" fo:line-height="150%" fo:margin-left="-0.263000cm" fo:margin-right="0cm" style:writing-mode="lr"/>
   <style:text-properties fo:color="#252525" style:font-name="Times New Roman" fo:font-size="14pt" fo:language="ru" fo:country="RU" fo:font-weight="normal" fo:text-transform="none"/>
  </style:style>
  <style:style style:family="paragraph" style:name="P8" style:display-name="P8" style:list-style-name="L3">
   <style:paragraph-properties fo:text-align="justify" fo:text-indent="1.961000cm" fo:line-height="150%" fo:margin-left="-0.263000cm" fo:margin-right="0cm" style:writing-mode="lr"/>
   <style:text-properties fo:color="#252525" style:font-name="Times New Roman" fo:font-size="14pt" fo:language="ru" fo:country="RU" fo:font-style="italic" fo:font-weight="normal" fo:text-transform="none"/>
  </style:style>
  <style:style style:family="paragraph" style:name="P9" style:display-name="P9" style:parent-style-name="Normal">
   <style:paragraph-properties fo:text-align="justify" fo:text-indent="1.199cm" fo:line-height="150%" fo:margin-left="0.499cm" fo:margin-right="0cm"/>
   <style:text-properties fo:color="#252525" style:font-name="Times New Roman" fo:font-size="14pt" fo:font-weight="bold" fo:text-transform="none"/>
  </style:style>
  <style:style style:family="section" style:name="Sect1" style:display-name="Sect1"/>
  <style:page-layout style:name="PLayout2">
   <style:page-layout-properties fo:margin-top="1.588cm" fo:margin-bottom="2.602cm" fo:margin-left="2cm" fo:margin-right="1.406cm"/>
  </style:page-layout>
  <style:page-layout style:name="Standard">
   <style:page-layout-properties fo:margin-top="1.588cm" fo:margin-bottom="2.602cm" fo:margin-left="2cm" fo:margin-right="1.406cm"/>
  </style:page-layout>
  <text:list-style style:name="L1">
   <text:list-level-style-number text:level="3" style:num-format="1" text:display-levels="3">
    <style:list-level-properties fo:text-indent="1.961000cm" text:space-before="0cm" text:min-label-width="0.762000cm" fo:margin-left="-0.263000cm"/>
   </text:list-level-style-number>
  </text:list-style>
  <text:list-style style:name="L2">
   <text:list-level-style-number text:level="3" style:num-format="1" text:display-levels="3">
    <style:list-level-properties fo:text-indent="1.961000cm" text:space-before="0cm" text:min-label-width="0.762000cm" fo:margin-left="-0.263000cm"/>
   </text:list-level-style-number>
  </text:list-style>
  <text:list-style style:name="L3">
   <text:list-level-style-number text:level="3" style:num-format="1" text:display-levels="3">
    <style:list-level-properties fo:text-indent="1.961000cm" text:space-before="0cm" text:min-label-width="0.762000cm" fo:margin-left="-0.263000cm"/>
   </text:list-level-style-number>
  </text:list-style>
 </office:automatic-styles>
 <office:body>
  <office:text>
   <text:section text:style-name="Sect1" text:name="Section1">
   <text:list text:style-name="L1">
    <text:list-item>
     <text:p text:style-name="P1" ><text:span text:style-name="T1">Исследовательский раздел</text:span></text:p>
    </text:list-item>
   </text:list>
   <text:p text:style-name="P2" ></text:p>
   <text:p text:style-name="P3" ><text:span text:style-name="T1">План раздела:</text:span></text:p>
   <text:p text:style-name="P3" ><text:span text:style-name="T1">а) Что такое управление проектами?</text:span></text:p>
   <text:p text:style-name="P3" ><text:span text:style-name="T1">б) Какие факторы ведут к успеху?</text:span></text:p>
   <text:p text:style-name="P3" ><text:span text:style-name="T1">в) Какие факторы ведут к провалу?</text:span></text:p>
   <text:p text:style-name="P3" ><text:span text:style-name="T1">г) Обзор популярных методологий управления программными проектами;</text:span></text:p>
   <text:p text:style-name="P3" ><text:span text:style-name="T1">д) Выбор методологии;</text:span></text:p>
   <text:p text:style-name="P3" ><text:span text:style-name="T1">е) детальный разбор (как методология решает поставленные задачи?)</text:span></text:p>
   <text:p text:style-name="P3" ><text:span text:style-name="T1">Выдержки и цитаты, которые необходимо использовать:</text:span></text:p>
   <text:list text:style-name="L2">
    <text:list-item>
     <text:p text:style-name="P4" ><text:span text:style-name="T1">«Целью управления проектом(-ами) является достижение заранее определенных целей при заранее известных ограничениях и целесообразном использовании возможностей, реагировании на риски.»</text:span></text:p>
     <text:list>
      <text:list-item>
       <text:p text:style-name="P4" ><text:span text:style-name="T1">Даже при достижении поставленных целей и целесообразности изменений, проект может не соответствовать ожиданиям заинтересованных сторон. В проектах с высоким уровнем изменений требуется управление ожиданиями.</text:span></text:p>
      </text:list-item>
     </text:list>
    </text:list-item>
   </text:list>
   <text:p text:style-name="P5" ></text:p>
   <text:p text:style-name="P5" ><text:span text:style-name="T1">Ознакомиться со следующими стандартами и подходами</text:span></text:p>
   <text:list text:style-name="L3">
    <text:list-item>
     <text:p text:style-name="P6" ><text:span text:style-name="T1">PMI</text:span></text:p>
     <text:list>
      <text:list-item>
       <text:p text:style-name="P6" ><text:span text:style-name="T1">PMBOK</text:span></text:p>
       <text:list>
        <text:list-item>
         <text:p text:style-name="P6" ><text:span text:style-name="T1">IPMA</text:span></text:p>
        </text:list-item>
        <text:list-item>
         <text:p text:style-name="P6" ><text:span text:style-name="T1">PRINCE2</text:span></text:p>
        </text:list-item>
        <text:list-item>
         <text:p text:style-name="P6" ><text:span text:style-name="T1">CRYSTAL</text:span></text:p>
        </text:list-item>
        <text:list-item>
         <text:p text:style-name="P6" ><text:span text:style-name="T1">SCRUM</text:span></text:p>
        </text:list-item>
        
        <text:list-item>
         <text:p text:style-name="P7" ><text:span text:style-name="T1">ГОСТ Р ИСО 21500 – 2014 «Руководство по проектному менеджменту»</text:span>asdsasdzxcxc <text:s text:c="5"/>sdfsd <text:s/>zdsfdsfd</text:p>
        </text:list-item>
        <text:list-item>
         <text:p text:style-name="P8" ><text:span text:style-name="T1">TenStep</text:span></text:p>
        </text:list-item>
        <text:list-item>
         <text:p text:style-name="P8" ><text:span text:style-name="T1">P2M</text:span></text:p>
        </text:list-item>
       </text:list>
      </text:list-item>
     </text:list>
    </text:list-item>
   </text:list>
   <text:p text:style-name="P9" ></text:p>
   <text:p text:style-name="P10" ><text:span text:style-name="T1">Что такое управление проектами?</text:span></text:p>
   <text:p text:style-name="P9" ></text:p>
   <text:p text:style-name="P5" ><text:span text:style-name="T1">Управление проектом — это управление процессом <text:s/>его реализации. В свою очередь реализация проекта — это комплекс мер, дел и действий, направленных на достижение целей проекта. Таком образом, управление проектом <text:s/>- это управление комплексом мер, дел и действий, направленное на достижение целей проекта.[3]</text:span></text:p>
   <text:p text:style-name="P5" ><text:span text:style-name="T1">Довольно любопытен тот факт, что при всей понятности приведенного выше определения, не у всех организаций получается производить грамотное управление проектом. Кажущаяся простота данного процесса является обманчивой. Это также верно и для программных проектов. Даже при условии наличия грамотного менеджера проекта, достаточного количества ресурсов, адекватной оценке сроков возможен срыв проекта из-за неповоротливости команды, из-за проблем с коммуникациями между заказчиком проекта и командой разработки. Так же может произойти следующее — проект разработан, протестирован и сдан вовремя без перерасходов по финансам, однако им никто не пользуется. Очевидно, что в данной ситуации обратная связь <text:s/>между командой разработки и конечным пользователем была очень слабой или ее вообще не было. Такой проект также нельзя считать успешным по причине его убыточности для заказчика. Следовательно в контексте управления разработкой программных продуктов данное определение необходимо дополнить. Автор в своем исследовании сформулировал следующее определение.</text:span></text:p>
   <text:p text:style-name="P11" ><text:span text:style-name="T1">Управление проектами — это комплекс мер, дел и действий направленный на достижение целей проекта путем создания комфортных условий работы для исполнителей проекта, установление и поддержка качественной и своевременной связи между исполнителями, заказчиком и конечным пользователем.</text:span></text:p>
   <text:p text:style-name="P5" ></text:p>
   <text:p text:style-name="P12" ><text:span text:style-name="T1">Как видно, в данном определении фигурируют заказчик, исполнитель проекта иконечный пользователь. По мнению автора эти действующие лица можно считать тремя китами в управлении разработкой программного продукта. Без заказчика не возникнет идеи проекта, без исполнителя его некому будет реализовывать, а если не спрашивать мнения конечного пользователя о реализуемом проекте, то есть риск сделать проект, который будет нравится только заказчику или только исполнителю.</text:span></text:p>
   <text:p text:style-name="P5" ></text:p>
   <text:p text:style-name="P5" ></text:p>
   <text:p text:style-name="P5" ></text:p>
   <text:p text:style-name="P5" ></text:p>
   <text:p text:style-name="P5" ></text:p>
   <text:p text:style-name="P5" ></text:p>
   <text:p text:style-name="P5" ></text:p>
   <text:p text:style-name="P5" ></text:p>
   <text:p text:style-name="P5" ></text:p>
   <text:p text:style-name="P5" ></text:p>
   <text:p text:style-name="P5" ></text:p>
   <text:p text:style-name="P5" ></text:p>
   <text:p text:style-name="P5" ></text:p>
   <text:p text:style-name="P5" ></text:p>
   <text:p text:style-name="P5" ></text:p>
   <text:p text:style-name="P5" ></text:p>
   <text:p text:style-name="P5" ></text:p>
   <text:p text:style-name="P5" ></text:p>
   <text:p text:style-name="P5" ></text:p>
   <text:p text:style-name="P5" ></text:p>
   <text:p text:style-name="P5" ></text:p>
   <text:p text:style-name="P5" ></text:p>
   <text:p text:style-name="P5" ></text:p>
   <text:p text:style-name="P5" ></text:p>
   <text:p text:style-name="P5" ></text:p>
   <text:p text:style-name="P9" ></text:p>
   <text:p text:style-name="P9" ><text:span text:style-name="T1">Какие факторы ведут к успеху проекта?</text:span></text:p>
   <text:p text:style-name="P5" ></text:p>
   <text:p text:style-name="P5" ><text:span text:style-name="T1">Как у любого другого процесса у разработки программного обеспечения имеются факторы как ведущие к успеху, так и влекущие к провалу. Рассмотрим, какие <text:s/>причины приводят к успеху разработку программного продукта.</text:span></text:p>
   <text:p text:style-name="P5" ><text:span text:style-name="T1">Для того чтобы понять причины следствия необходимо определить, что именно мы считаем успехом разработки программного продукта?</text:span></text:p>
   <text:p text:style-name="P5" ><text:span text:style-name="T1">Автор выделяет следующие критерии, при наличии которых можно считать разработку данного продукта успешной:</text:span></text:p>
   <text:p text:style-name="P5" ><text:span text:style-name="T1">1. Проект уложился в бюджет;</text:span></text:p>
   <text:p text:style-name="P5" ><text:span text:style-name="T1">2. В проекте реализована вся заявленная функциональность;</text:span></text:p>
   <text:p text:style-name="P5" ><text:span text:style-name="T1">3. Проект выполнен в срок;</text:span></text:p>
   <text:p text:style-name="P5" ><text:span text:style-name="T1">4. Все функции программного продукта выполняются по указанным в документации сценариям при любых действиях пользователя;</text:span></text:p>
   <text:p text:style-name="P5" ><text:span text:style-name="T1">Рассмотрим каждый пункт подробнее и выясним, как можно добиться такого результат при работе над проектом.</text:span></text:p>
   <text:p text:style-name="P5" ><text:span text:style-name="T1">Проект способен уложиться в бюджет при условии, что оценка его стоимости <text:s/>( учитывая погрешности) <text:s/>произведена адекватно, в процессе работы над проектом не добавляется новых "быстрых" задач, которые накапливаются как снежный ком и отвлекают исполнителя от основной работы. Адекватная оценку стоимости проекта может произвести только эксперт с опытом реализации подобных проектов. Однако в некоторых случаях оценка не устраивает заказчика и он пытается занизить цену, что приводит либо к урезанию возможностей, либо к увеличению сроков.</text:span></text:p>
   <text:p text:style-name="P5" ><text:span text:style-name="T1">Перейдем рассмотрению реализации заявленной функциональности. Самое главное в этом пункте - должен быть составлен список конкретных задач по проекту. При этом задачи должны быть поставлены правильно. Они должны быть количественно измеримы, достижимы, актуальны. </text:span></text:p>
   <text:p text:style-name="P5" ><text:span text:style-name="T1">В любом проекте во время реализации список задач имеет свойство раздуваться, дополняться "быстрыми" задачами. Так же старые задачи изменяются и дополняются новыми требованиями. Чтобы функциональность реализовывалась в полном объеме следует либо составлять конечный список задач в начале проекта и ни в коем случае ничего не менять до окончания проекта, либо работать над проектом итеративно, реализуя небольшую часть задач за короткий промежуток времени и производя переоценку приоритетов в конце каждой итерации. Первый способ весьма неэффективен при разработке средних и больших проектов. Невозможно учесть все требования в самом начале проекта. Если руководствоваться таки принципом, то заказчик постарается собрать в одном техническом задании все возможные требования, несмотря на то, что эти требования могут противоречить друг другу. Очевидно, что такой проект затянется.</text:span></text:p>
   <text:p text:style-name="P5" ><text:span text:style-name="T1">Таким образом второй способ ведения проекта - итеративный - наиболее эффективен в плане реализации всей необходимой функциональности. Данный метод также хорошо поддерживает изменения в требованиях.</text:span></text:p>
   <text:p text:style-name="P5" ><text:span text:style-name="T1">Четвертый пункт подразумевает наличие достаточного опыта в проектировании программ у разработчиков и четкость, конкретность поставленных заказчиком задач. Если будут соблюдены два этих условия, то реализуемая функция будет выполнятся только по тем сценариям, которые будут указаны в документации.</text:span></text:p>
   <text:p text:style-name="P5" ></text:p>
   <text:p text:style-name="P5" ></text:p>
   <text:p text:style-name="P5" ></text:p>
   <text:p text:style-name="P5" ></text:p>
   <text:p text:style-name="P5" ></text:p>
   <text:p text:style-name="P5" ></text:p>
   <text:p text:style-name="P5" ></text:p>
   <text:p text:style-name="P5" ></text:p>
   <text:p text:style-name="P5" ></text:p>
   <text:p text:style-name="P5" ></text:p>
   <text:p text:style-name="P5" ></text:p>
   <text:p text:style-name="P5" ><text:span text:style-name="T3">Обзор <text:s/>популярных методологий.</text:span></text:p>
   <text:p text:style-name="P5" ></text:p>
   <text:p text:style-name="P5" ><text:span text:style-name="T4">Приведенные выше требования к работе над программным проектом реализуются в семействе гибких методик разработки среди которых особенно выделяется методология <text:s/>SCRUM. </text:span></text:p>
   <text:p text:style-name="P5" ><text:span text:style-name="T4">ЗДесь идет описание скрама </text:span></text:p>
   <text:p text:style-name="P5" ></text:p>
   <text:p text:style-name="P5" ><text:span text:style-name="T3">Применение системы управления проектами на основе методологии скрам.</text:span></text:p>
   <text:p text:style-name="P5" ><text:span text:style-name="T4">Система управления проектами на основе методологии скрам позволит поддержать внедрение самой методологии на каждом уровне работы в организации. Т.к. <text:s/>сама методология концентрируется на взаимодействии между людьми, то и система будет делать упор на взаимодействие, на более тесное общение, не упуская однако и значимости управленческой составляющей.</text:span></text:p>
   <text:p text:style-name="P5" ><text:span text:style-name="T4">Современные технологии позволяют создавать возможности для интерактивного общения внутри команды, такие как корпоративный чат или видео конференции.</text:span></text:p>
   <text:p text:style-name="P5" ><text:span text:style-name="T4">Система учета  задач позволит формировать стандартизированные отчеты по текущему проекту, оформлять графики и представлять другую необходимую информацию. А подсистема шаблонов позволит гибко настраивать  нужные возможности.</text:span></text:p>
   <text:p text:style-name="P5" ><text:span text:style-name="T4">Система отслеживания задач позволит определить на какой <text:s/>стадии находится каждая конкретная задача. Также система управления проектами сможет самостоятельно рассчитывать коэффициент полезного действия команды, помогая таким образом объективно оценивать количество задач, которое возможно реализовать за одну итерацию.</text:span></text:p>
   <text:p text:style-name="P5" ></text:p>
   <text:p text:style-name="P5" ></text:p>
   </text:section>
  </office:text>
 </office:body>
</office:document-content>