<?xml version="1.0" encoding="UTF-8"?>
<office:document-meta xmlns:office="urn:oasis:names:tc:opendocument:xmlns:office:1.0" xmlns:xlink="http://www.w3.org/1999/xlink" xmlns:dc="http://purl.org/dc/elements/1.1/" xmlns:meta="urn:oasis:names:tc:opendocument:xmlns:meta:1.0" xmlns:ooo="http://openoffice.org/2004/office" office:version="1.1">
<office:meta>
<meta:generator>AbiWord/3.0.0 (unix, gtk)</meta:generator>
<meta:creation-date>2015-03-12T08:32:13.051046853</meta:creation-date>
<dc:date>Thu May 14 23:46:19 2015
</dc:date>
</office:meta>
</office:document-meta>
