<?xml version="1.0" encoding="UTF-8"?>

<office:document-styles xmlns:office="urn:oasis:names:tc:opendocument:xmlns:office:1.0" xmlns:style="urn:oasis:names:tc:opendocument:xmlns:style:1.0" xmlns:text="urn:oasis:names:tc:opendocument:xmlns:text:1.0" xmlns:table="urn:oasis:names:tc:opendocument:xmlns:table:1.0" xmlns:draw="urn:oasis:names:tc:opendocument:xmlns:drawing:1.0" xmlns:fo="urn:oasis:names:tc:opendocument:xmlns:xsl-fo-compatible:1.0" xmlns:xlink="http://www.w3.org/1999/xlink" xmlns:dc="http://purl.org/dc/elements/1.1/" xmlns:meta="urn:oasis:names:tc:opendocument:xmlns:meta:1.0" xmlns:number="urn:oasis:names:tc:opendocument:xmlns:datastyle:1.0" xmlns:svg="urn:oasis:names:tc:opendocument:xmlns:svg-compatible:1.0" xmlns:chart="urn:oasis:names:tc:opendocument:xmlns:chart:1.0" xmlns:dr3d="urn:oasis:names:tc:opendocument:xmlns:dr3d:1.0" xmlns:math="http://www.w3.org/1998/Math/MathML" xmlns:form="urn:oasis:names:tc:opendocument:xmlns:form:1.0" xmlns:script="urn:oasis:names:tc:opendocument:xmlns:script:1.0" xmlns:ooo="http://openoffice.org/2004/office" xmlns:ooow="http://openoffice.org/2004/writer" xmlns:oooc="http://openoffice.org/2004/calc" xmlns:dom="http://www.w3.org/2001/xml-events" office:version="1.1">
 <office:font-face-decls>
  <style:font-face style:name="Liberation Sans" svg:font-family="Liberation Sans"/>
  <style:font-face style:name="Liberation Serif" svg:font-family="Liberation Serif"/>
  <style:font-face style:name="Times New Roman" svg:font-family="Times New Roman"/>
 </office:font-face-decls>
 <office:styles>
  <style:default-style style:family="paragraph">
   <style:paragraph-properties style:tab-stop-distance="1.251cm"/>
  </style:default-style>
  <style:style style:family="text" style:name="Internet-link-text" style:display-name="Internet link_text" style:next-style-name="Internet-link-text">
   <style:text-properties fo:color="#000080" style:text-underline-type="single"/>
  </style:style>
  <style:style style:family="paragraph" style:name="Contents-4" style:display-name="Contents 4" style:parent-style-name="Normal" style:next-style-name="Normal">
   <style:paragraph-properties fo:text-indent="-0.300000in" fo:margin-left="2.000000in"/>
  </style:style>
  <style:style style:family="paragraph" style:name="Contents-2" style:display-name="Contents 2" style:parent-style-name="Normal" style:next-style-name="Normal">
   <style:paragraph-properties fo:text-indent="-0.300000in" fo:margin-left="1.000000in"/>
  </style:style>
  <style:style style:family="paragraph" style:name="Heading" style:display-name="Heading" style:parent-style-name="Normal" style:next-style-name="Text-body">
   <style:paragraph-properties fo:margin-top="0.423cm" fo:margin-bottom="0.212cm" fo:keep-with-next="always"/>
   <style:text-properties style:font-name="Liberation Sans" fo:font-size="14pt"/>
  </style:style>
  <style:style style:family="paragraph" style:name="Contents-1" style:display-name="Contents 1" style:parent-style-name="Normal" style:next-style-name="Normal">
   <style:paragraph-properties fo:text-indent="-0.300000in" fo:margin-left="0.500000in"/>
  </style:style>
  <style:style style:family="paragraph" style:name="Caption" style:display-name="Caption" style:parent-style-name="Normal" style:next-style-name="Caption">
   <style:paragraph-properties fo:margin-top="0.212cm" fo:margin-bottom="0.212cm"/>
   <style:text-properties fo:font-size="12pt" fo:font-style="italic"/>
  </style:style>
  <style:style style:family="paragraph" style:name="Contents-3" style:display-name="Contents 3" style:parent-style-name="Normal" style:next-style-name="Normal">
   <style:paragraph-properties fo:text-indent="-0.300000in" fo:margin-left="1.500000in"/>
  </style:style>
  <style:style style:family="paragraph" style:name="Text-body" style:display-name="Text body" style:parent-style-name="Normal" style:next-style-name="Text-body">
   <style:paragraph-properties fo:line-height="120%" fo:margin-top="0cm" fo:margin-bottom="0.247cm"/>
  </style:style>
  <style:style style:family="paragraph" style:name="Normal" style:display-name="Normal">
   <style:paragraph-properties style:writing-mode="lr"/>
   <style:text-properties style:font-name="Liberation Serif" fo:font-size="12pt" fo:language="ru" fo:country="RU"/>
  </style:style>
 </office:styles>
 <office:automatic-styles>
  <style:page-layout style:name="Standard">
   <style:page-layout-properties fo:page-width="210.000000mm" fo:page-height="297.000000mm" style:print-orientation="portrait" fo:margin-top="1.588cm" fo:margin-bottom="2.602cm" fo:margin-left="2cm" fo:margin-right="1.406cm"/>
  </style:page-layout>
 </office:automatic-styles>
 <office:master-styles>
  <style:master-page style:name="Standard" style:page-layout-name="Standard">
  </style:master-page>
 </office:master-styles>
</office:document-styles>